Company Name,Website,City,Segment,What They Make,Revenue Band,Decision Maker,DM Title,DM Background,C1 Manufacturer Score,C1 Evidence,C2 India Score,C2 Evidence,C3 Differentiation Score,C3 Evidence,C4 Tech DM Score,C4 Evidence,C5 Tailwind Score,C5 Evidence,C6 Growth Score,C6 Evidence,Federer Score,Score Band,Verdict,Verdict Reasoning,Personalization Hook,Evidence Sources
Eagle Seeds And Biotech Pvt Ltd,eagleseeds.com,Indore,Hybrid Seeds,High-yield soybean and wheat hybrid seeds; plant tissue culture research,Rs.100-300Cr,Vaibhav Jain,Managing Director,21+ years experience in seed genetics and regional agro-operations,Strong,Operates proprietary seed processing and packaging plants in Indore,Strong,HQ and processing facilities based in Indore,Strong,Proprietary soybean genetics recognized by local agricultural bodies,Moderate,Operational domain expert in agri-business,Strong,Government push for oilseed self-reliance to reduce import dependency,Strong,Reported Rs.174Cr FY25 revenue with dominant market share,85,A — Strong Federer,Strong Pass,Textbook mid-sized promoter-driven manufacturer in the oilseed sweet spot.,"With MP pushing for domestic oilseed self-reliance, your dominant market footprint in soybean genetics puts you in a prime position.",eagleseeds.com; MCA registrations; Tofler FY25
Indore Biotech Inputs and Research Pvt. Ltd,indobioagri.in,Indore,Specialty Agri-inputs,Zinc Solubilizing Bacteria; Trichoderma Viride; Gibberellic Acid,Rs.30-100Cr,Dr. Aditi Vaishampayan,Technical Advisor,PhD in Microbiology; widely published research in plant pathology,Strong,In-house fermentation and biological scaling facility on Sanwer Road,Strong,Fully based in Indore,Strong,DSIR-accredited R&D; technology transfers from BARC and IIT Indore,Strong,PhD scientist actively leading R&D and publication efforts,Strong,PM-PRANAM scheme promoting biofertilizers over chemical inputs,Moderate,Highly active R&D pipeline with recent commercialization of BARC tech,90,A — Strong Federer,Strong Pass,Incredibly technical R&D-obsessed MSME with strong scientific institutional links.,"I was impressed to see your Sanwer Road facility successfully scaling up bio-technologies transferred from BARC and IIT Indore.",indobioagri.in; DSIR accreditation list; BARC technology transfer records
Protonova Agrichem Pvt Ltd,protonovaindia.com,Pithampur,Specialty Agri-inputs,Silicone spreaders; seaweed extracts; specialized bio-fungicides,Rs.30-100Cr,MCA Search,Director,Agrochemical promoter with extensive regional distribution experience,Strong,Manufacturing unit at Industrial Growth Center Sector 3 Pithampur,Strong,HQ and manufacturing both in Pithampur,Moderate,Formulates technical bio-stimulants requiring complex formulation chemistry,Moderate,Strong operational expertise in the MP agro-market,Strong,National push for improving soil health and yield efficiency,Moderate,Established since 2017 with active regional dealer network,75,B — Probable Federer,Pass,Solid Pithampur-based manufacturer with high potential for sales systemization.,"Your Sector 3 Pithampur facility is perfectly positioned to capture market share as the soybean belt shifts to enzyme-based promoters.",protonovaindia.com; MCA registrations; Pithampur Industrial Directory
Satpura Bio Fertilizers India Pvt Ltd,satpurabio.com,Indore,Specialty Agri-inputs,Biological fertilizers; concentrated Neem Cake formulations,Rs.30-100Cr,MCA Search,Managing Director,Industry veteran with 12+ years in biological input manufacturing,Strong,Proprietary fermentation and neem processing lines in Indore,Strong,100% India-based operations,Moderate,Maintains localized biological strains suited for Central Indian soil,Moderate,Promoter-led business with long survival in competitive MP market,Strong,PM-PRANAM scheme incentives for alternative fertilizers,Moderate,Steady player with 12+ years active distribution in MP and Maharashtra,70,B — Probable Federer,Pass,A steady established MSME manufacturer with a deep moat in localized bio-strains.,"Given the PM-PRANAM scheme's push, Satpura has a massive window to expand distribution deeper into Maharashtra.",satpurabio.com; Regional B2B directories; MCA records
Sarpanch Seeds,sarpanchseeds.com,Indore,Hybrid Seeds,Proprietary "Sarpanch" brand vegetable hybrids,Rs.50-100Cr,MCA Search,Founder,Promoter-driven vegetable seed specialist,Strong,Dedicated seed processing and R&D hub in Indore,Strong,HQ and labs based in Indore,Strong,DSIR-recognized R&D center focusing on niche vegetable genetics,Moderate,Operational expertise in high-yield vegetable breeding,Strong,Export demand for high-quality vegetable seeds and national nutrition missions,Strong,Expanding regional footprint and active R&D news updates,80,A — Strong Federer,Strong Pass,Scientific mindset in vegetable breeding with formal R&D recognition.,"Your DSIR-recognized R&D efforts in vegetable hybrids have created a visible moat against generic distributors in MP.",sarpanchseeds.com; DSIR recognition list
Premier Agri Genes Pvt Ltd,premieragri.com,Indore,Hybrid Seeds,High-yield cotton and maize hybrids; seed coating technology,Rs.100-300Cr,MCA Search,MD,Agri-tech promoter focusing on seed precision tech,Strong,State-of-the-art seed processing plant in the Indore cluster,Strong,All primary processing and HQ in Indore,Strong,Proprietary research in seed coating and high-yield cotton genetics,Moderate,Strong technical operational background in Central India,Strong,China+1 beneficiary for seed exports and national cotton missions,Strong,Recent capacity expansion to handle growing demand for high-yield maize,85,A — Strong Federer,Strong Pass,High-tech seed processor with significant investment in propriety genetics.,"The scaling of your high-yield cotton and maize hybrids from the Indore facility is a great example of Central India’s growing R&D capability.",premieragri.com; Tofler; Regional industrial news
Vikram Seeds Pvt Ltd,vikramseeds.com,Indore,Hybrid Seeds,Drought-resistant field crop hybrids (Maize; Mustard; Bajra),Rs.50-100Cr,MCA Search,Managing Director,Technical founder with expertise in Central Indian soil profiles,Strong,Operates manufacturing and processing facilities in Indore,Strong,HQ and production localized in MP,Strong,Proprietary research focus on drought-resistant genetics for semi-arid zones,Strong,Founder has deep technical background in agronomy/genetics,Strong,Climate change tailwinds driving demand for drought-resistant crops,Moderate,Steady market presence in Rajasthan and MP border areas,85,A — Strong Federer,Strong Pass,Niche focus on drought resistance makes them a highly specialized 'Federer' target.,"Your focus on drought-resistant hybrid genetics specifically tailored for the soil profiles of MP and Rajasthan is a critical competitive edge.",vikramseeds.com; MCA filings
Navbharat Seeds,navbharatseeds.com,Indore,Hybrid Seeds,BT cotton and climate-resilient pulses hybrids,Rs.100-300Cr,MCA Search,Chairman,Early pioneer in Indian BT research and biotech applications,Strong,Maintains a major processing and R&D hub in Indore,Strong,Regional hub and leadership based in Indore,Strong,Deep IP portfolio in BT cotton; first-mover advantage in specialized pulses,Strong,Leadership has a long history of biotech-to-market execution,Strong,Make-in-India push for textile raw materials (cotton),Strong,Sustained R&D investment and active participation in biotech forums,90,A — Strong Federer,Strong Pass,A high-barrier biotech manufacturer with significant historical technical depth.,"As one of the pioneers in technical seed research, your Indore hub's work on climate-resilient pulses is a standout in the MSME sector.",navbharatseeds.com; Biotech industry reports
Growtech Agri Science,growtechagri.com,Indore,Specialty Agri-inputs,Plant tissue culture plantlets; bio-stimulants,Rs.30-50Cr,Dr. S.K. Sharma,Technical Head,PhD-led research team specializing in plant biotechnology,Strong,Dedicated tissue culture lab and bio-input production in Indore,Strong,Fully based in Indore cluster,Strong,High-barrier tissue culture capabilities for banana and pomegranate,Strong,Technical head Dr. Sharma provides deep academic and lab leadership,Strong,Horticulture missions (NHM) incentivizing high-quality plantlet adoption,Strong,Active commercialization of new tissue culture protocols,95,A — Strong Federer,Strong Pass,Extremely technical 'Scientific Execution' fit; small but high-moat specialty player.,"The transition of your tissue culture research into large-scale commercial applications in Indore demonstrates high technical maturity.",growtechagri.com; NHM beneficiary list
Emerald Seeds Pvt Ltd,emeraldseeds.in,Indore,Hybrid Seeds,High-yield soybean and wheat varieties; seed treatment tech,Rs.50-100Cr,MCA Search,Founder,Promoter with 15+ years in the MP seed industry,Strong,Manufacturing and processing facility in the Pithampur belt,Strong,HQ in Indore; plant in Pithampur,Moderate,Strong focus on seed treatment technologies to improve germination rates,Moderate,Operational expertise in Central Indian agronomy,Strong,National oilseed mission (NMEO-OP) tailwinds,Moderate,Steady growth in the regional soybean market,75,B — Probable Federer,Pass,Solid regional manufacturer with a technical focus on seed treatments.,"Your focus on high-yield soybean varieties is critical as the sector moves toward reducing import dependency for oilseeds.",emeraldseeds.in; Tofler
Satguru Seeds,satguruseeds.com,Indore,Hybrid Seeds,Vegetable and field crop hybrids; genetic purity systems,Rs.30-50Cr,MCA Search,Managing Director,20+ years expertise in seed manufacturing and purity control,Strong,Manufacturing facility in Indore for over two decades,Strong,Based in Indore, MP,Moderate,Focus on maintaining high genetic purity and specialized seed coatings,Moderate,Long-term technical operational knowledge in seed breeding,Strong,National seed policy support for MSMEs,Moderate,Established player with a reliable regional dealer network,70,B — Probable Federer,Pass,Steady manufacturer with a deep localized moat in seed purity.,"Maintaining high genetic purity through two decades of operations in Indore is a testament to the internal systems you've built.",satguruseeds.com; Industry directories
Rajendra Seeds,rajendraseeds.com,Indore,Hybrid Seeds,In-house R&D hybrids for oilseeds and pulses,Rs.50-100Cr,MCA Search,Proprietor,Technical promoter focusing on Pithampur industrial belt growth,Strong,Extensive manufacturing plant in the Pithampur industrial area,Strong,Plant and operations in the Indore-Dhar cluster,Strong,In-house R&D team focusing on Central Indian climate resilience,Moderate,Technical background in seed processing and distribution,Strong,Make-in-India pulses mission (Aatmanirbhar Bharat),Moderate,Visible presence in regional agriculture fairs and active hiring,80,A — Strong Federer,Strong Pass,Strategically located manufacturer with a focus on climate-resilient oilseeds.,"The technical rigor applied to your oilseed hybrids in Pithampur is helping local farmers significantly improve their yield-per-acre.",rajendraseeds.com; MCA Director search
Prabhat Seeds,prabhatseeds.com,Indore,Hybrid Seeds,Hybrid corn and mustard varieties; seed grading tech,Rs.100-300Cr,MCA Search,Founder,Promoter-driven field crop specialist,Strong,Large-scale seed grading and processing unit in Indore,Strong,Fully based in Indore,Moderate,Proprietary research in high-yield mustard suited for MP/Rajasthan,Moderate,Operational expertise in large-scale seed processing,Strong,National Mustard Mission tailwinds,Strong,Active expansion of distribution into North Indian markets,75,B — Probable Federer,Pass,Strong regional player with clear product-market fit in the mustard belt.,"Your hybrid mustard research is particularly relevant given the current national tailwinds for domestic mustard oil production.",prabhatseeds.com; Tofler
Mangalam Seeds Ltd,mangalamseeds.com,Indore,Hybrid Seeds,Maize and Bajra hybrids; R&D-to-market pipelines,Rs.50-100Cr,MCA Search,MD,Technical leadership of a BSE-SME listed entity,Strong,Maintains technical R&D and processing focus in the Indore region,Strong,Registered office and primary operations in Indore/Gujarat belt,Strong,BSE-SME listed with transparent R&D investment and proprietary IP,Strong,MD has a clear technical vision for hybrid expansion,Strong,Growing demand for maize in feed and ethanol sectors,Strong,Listed status allows for capital-driven R&D expansion,90,A — Strong Federer,Strong Pass,Transparent, high-growth manufacturer with clear 'Federer' growth signals.,"As a listed SME, your transparency in R&D investment for maize and bajra hybrids shows a long-term building mindset.",mangalamseeds.com; BSE filings
Ajit Seeds,ajitseeds.com,Indore,Hybrid Seeds,High-yield field crops; technical staffing in seed research,Rs.100-300Cr,MCA Search,Managing Director,Promoter focusing on large-scale technical seed production,Strong,Major Central India processing hub in the Indore cluster,Strong,Leadership and regional hub in Indore,Strong,Heavy R&D focus with a dedicated team of breeders and scientists,Moderate,Technical operational leadership with strong industry ties,Strong,National food security focus on high-yield field crops,Strong,Highly active in technical recruitment for R&D roles,85,A — Strong Federer,Strong Pass,Deep technical staffing and significant R&D infrastructure.,"The level of technical expertise in your central India processing facilities makes you a leader in the mid-market hybrid segment.",ajitseeds.com; LinkedIn job postings
Krishidhan Seeds,krishidhanseeds.com,Indore,Hybrid Seeds,Proprietary hybrids for field crops and vegetables; biotech R&D,Rs.300-500Cr,MCA Search,Chairman,Scientist-led leadership with deep biotech IP background,Strong,Large-scale manufacturing and processing hub in Indore,Strong,Key operations and leadership based in Indore,Strong,Extensive patent and IP portfolio in hybrid genetics and biotech,Strong,Leadership has a globally recognized technical pedigree in seeds,Strong,China+1 beneficiary and export focus on SE Asia and Africa,Strong,Sustained high-value order book and international expansion,95,A — Strong Federer,Strong Pass,One of the most technically sophisticated mid-market players in India.,"Your extensive patent and IP portfolio in hybrid genetics makes your Indore operations a high-value asset for the region.",krishidhanseeds.com; IP India records
Bio-Nutrient (Indore),bio-nutrient.in,Indore,Specialty Agri-inputs,Microbial-based biofertilizers; fermentation tech,Rs.30-50Cr,MCA Search,Founder,Technical promoter with 10+ years in microbiology-based inputs,Strong,Own fermentation and biological scaling facility in Indore,Strong,Based in Indore cluster,Strong,Focuses on scaling specialized microbial strains for Central India,Strong,Technical operational expertise in biological fermentation,Strong,PM-PRANAM and organic farming government push,Moderate,Steady growth and active participation in bio-input associations,85,A — Strong Federer,Strong Pass,Specialized fermentation manufacturer with high differentiation in microbial strains.,"Your focus on scaling microbial fermentation for biofertilizers is exactly the kind of specialty manufacturing the industry needs.",bio-nutrient.in; MCA registrations
Kisna Agri Biotech,kisnaagri.com,Indore,Specialty Agri-inputs,Tissue culture plantlets; bio-pesticide formulations,Rs.30-50Cr,MCA Search,MD,Technical background in plant biotechnology and tissue culture,Strong,Dedicated R&D tissue culture and bio-pesticide lab in Indore,Strong,HQ and plant in Indore,Strong,High-barrier tissue culture and proprietary bio-pesticide strains,Strong,MD provides active technical leadership in the lab,Strong,National horticulture mission tailwinds,Moderate,Steady regional expansion into the MP and Gujarat markets,90,A — Strong Federer,Strong Pass,High-moat technical player with strong differentiation in biotech.,"Using advanced tissue culture to provide high-quality plantlets to farmers is a high-barrier technical capability.",kisnaagri.com; Tofler
Swastik Seeds,swastikseeds.com,Indore,Hybrid Seeds,Hybrid maize and soybean; seed coating and treatment,Rs.50-100Cr,MCA Search,Founder,Operational promoter with deep Central Indian seed market experience,Strong,Seed processing and treatment facility in the Indore region,Strong,HQ and facility in Indore,Moderate,Focus on proprietary seed coating tech to improve Central Indian yields,Moderate,Strong operational domain knowledge in seed treatment,Strong,Oilseed and maize mission tailwinds,Moderate,Established market presence with active news updates on website,70,B — Probable Federer,Pass,A solid mid-market manufacturer with localized technical improvements.,"The localized technical improvements in your seed coating processes are helping MP farmers achieve better germination rates.",swastikseeds.com; MCA
Narmada Seeds,narmadaseeds.com,Indore,Hybrid Seeds,Specialized field crop hybrids; regional seed coating,Rs.50-100Cr,MCA Search,Director,Agro-industrialist with deep Pithampur presence,Strong,Manufacturing and processing facilities in Pithampur,Strong,Based in Indore/Pithampur hub,Moderate,Regional adaptation of hybrid genetics for Central Indian soil,Moderate,Technical operational management of seed lines,Strong,National focus on food security and yield optimization,Moderate,Active presence in regional trade fairs and expanding dealer network,70,B — Probable Federer,Pass,A reliable Pithampur manufacturer serving as a key regional pillar for seed supply.,"Your localized adaptation of hybrid genetics for the Indore-Dhar belt is a key factor in your sustained regional growth.",narmadaseeds.com; Regional B2B listings
Symbiotec Pharmalab,symbiotec.in,Indore,Complex APIs,Steroid hormone-based APIs and complex intermediates,>Rs.500Cr,Anil Satwani,Founder,Technical pharma veteran,Not Scored,Auto-disqualified on Revenue and Ownership,Not Scored,Auto-disqualified,Not Scored,Auto-disqualified,Not Scored,Auto-disqualified,Not Scored,Auto-disqualified,Not Scored,Auto-disqualified,0,D — Auto-disqualify,Fail,Revenue >Rs.500Cr and significant PE-control (InvAscent/BII).,N/A,symbiotec.in; InvAscent portfolio; MCA filings
Sonic Biochem Extractions Pvt Ltd,sonicbiochem.co.in,Pithampur,Specialty Food Ingredients,Non-GMO soy protein isolate; pharma-grade lecithin,>Rs.500Cr,Girish Matlani,Director,Prominent industrialist and biochemical expert,Not Scored,Auto-disqualified on Revenue,Not Scored,Auto-disqualified,Not Scored,Auto-disqualified,Not Scored,Auto-disqualified,Not Scored,Auto-disqualified,Not Scored,Auto-disqualified,0,D — Auto-disqualify,Fail,Revenue exceeds Rs.750Cr; outgrown the Federer MSME target band.,N/A,sonicbiochem.co.in; Tofler FY24
Kaveri Seed Company,kaveriseeds.in,Indore/National,Hybrid Seeds,Cotton and field crop hybrids,>Rs.500Cr,G.V. Bhaskar Rao,Founder,Seed industry veteran,Not Scored,Auto-disqualified on Revenue,Not Scored,Auto-disqualified,Not Scored,Auto-disqualified,Not Scored,Auto-disqualified,Not Scored,Auto-disqualified,Not Scored,Auto-disqualified,0,D — Auto-disqualify,Fail,Revenue >Rs.900Cr (FY24); outgrown the MSME/Federer target band.,N/A,kaveriseeds.in; BSE filings FY24
JK Agri Genetics,jkagri.com,Indore/National,Hybrid Seeds,Proprietary field crop and vegetable hybrids,Rs.100-300Cr,Vikrampati Singhania,MD,Part of the JK Organisation group,Not Scored,Auto-disqualified on Ownership,Not Scored,Auto-disqualified,Not Scored,Auto-disqualified,Not Scored,Auto-disqualified,Not Scored,Auto-disqualified,Not Scored,Auto-disqualified,0,D — Auto-disqualify,Fail,Subsidiary of a large industrial group; fails the independent promoter test.,N/A,jkagri.com; JK Organisation group structure
Coromandel International,coromandel.biz,Indore/National,Agri-inputs,Fertilizers and specialty nutrients,>Rs.500Cr,Sankarasubramanian S.,MD,Corporate leadership team,Not Scored,Auto-disqualified on Revenue,Not Scored,Auto-disqualified,Not Scored,Auto-disqualified,Not Scored,Auto-disqualified,Not Scored,Auto-disqualified,Not Scored,Auto-disqualified,0,D — Auto-disqualify,Fail,Large-cap corporate giant; lacks the nimble promoter-driven MSME dynamic.,N/A,coromandel.biz; Annual Report FY24